"detail_link","map-infowindow__heading","map-infowindow__summary","card__address","card__address 2","card__phone"
"https://www.visitpittsburgh.com/directory/the-bigelow-grille/","The Bigelow Grille","4-Star rated by the Pittsburgh Post Gazette and voted Top 10 Restaurants in Pittsburgh by msn.com. Open for breakfast, lunch and dinner 7 days a week.","One Bigelow Square","Pittsburgh, Pennsylvania 15219","(412) 281-5013"
"https://www.visitpittsburgh.com/directory/3-rivers-restaurant/","3 Rivers Restaurant","Fusing the local traditional cuisine of Pittsburgh with modern American tastes and techniques, this upscale eatery offers culinary treats that …","600 Commonwealth Place, Wyndham Grand Pittsburgh Downtown","Pittsburgh, Pennsylvania 15222","(412) 391-4600"
"https://www.visitpittsburgh.com/directory/bellfarm-kitchen-bar/","bellfarm Kitchen | Bar","Enjoy a casually chic atmosphere at the bellfarm Kitchen | Bar serving regionally inspired, farm-to-table dishes, craft beers and premium cocktails. …","1111 Airport Blvd., PO Box 12420","Hyatt Regency Pittsburgh International Airport","(724) 899-6050"
"https://www.visitpittsburgh.com/directory/barcolena-wine-bar/","Barcolena Wine Bar","Barcelona Wine Bar is a warm and welcoming tapas bar inspired by the culture of Spain. The ever-changing and inclusive menu is focused on clean …","922 Penn Ave.","Pittsburgh, Pennsylvania 15222","(412) 525-7722"
"https://www.visitpittsburgh.com/directory/alta-via-market-square/","Alta Via Market Square","Alta Via—named for the renowned footpath through the Dolomites—is inspired by the fresh cuisine and active lifestyle of both California wine country …","Two PPG Place, #150","Pittsburgh, Pennsylvania 15222","(412) 981-5155"
"https://www.visitpittsburgh.com/directory/butcher-and-the-rye/","Butcher and the Rye","Butcher and the Rye is a true destination in Pittsburgh, celebrated for its expansive whiskey collection and inventive take on rustic American …","212 6th St.","Pittsburgh, Pennsylvania 15222","(412) 391-2752"
"https://www.visitpittsburgh.com/directory/burn-by-rocky-patel/","BURN by Rocky Patel","BURN by Rocky Patel Pittsburgh is an evolution in cigar lounges fashioned for those who enjoy fine cigars, premium spirits, delectable cuisine, …","346 North Shore Dr.","Pittsburgh, Pennsylvania 15212","(412) 586-5854"
"https://www.visitpittsburgh.com/directory/alihans-mediterranean-cuisine/","Alihan's Mediterranean Cuisine","Alihan's brings a piece of Turkey to Downtown Pittsburgh, offers a relaxing atmosphere with flavorful meals of Turkish and Middle-Eastern …","124 6th St.","Pittsburgh, Pennsylvania 15222","(412) 888-0630"
"https://www.visitpittsburgh.com/directory/the-cafe-carnegie/","The Cafe Carnegie","Under the direction of two time James Beard Award semi-finalist Chef Sonja Finn, The Café Carnegie brings approachable cooking using …","4400 Forbes Ave., The Carnegie","Pittsburgh, Pennsylvania 15213","(412) 622-3225"
"https://www.visitpittsburgh.com/directory/dianoias-eatery/","DiAnoia's Eatery","An award-winning Italian restaurant in the Strip District, serving as a café by day and a full-service ristorante by night, specializing in homemade …","2549 Penn Ave","Pittsburgh, Pennsylvania 15222","(412) 918-1875"
"https://www.visitpittsburgh.com/directory/bar-louie-north-shore/","Bar Louie North Shore","Bar Louie, the Original Gastrobar. Where people + great food + great drinks = a great time. Bar Louie’s warm surroundings, are filled with nightlife …","330 North Shore Dr., Bldg. 1B","Pittsburgh, Pennsylvania 15212","(412) 643-4500"
"https://www.visitpittsburgh.com/directory/burghers-brewing-co/","Burghers Brewing Co.","Burghers Brewing is Pittsburgh’s brewery and taproom, where craft beer innovation meets culinary excellence. Renowned for its exceptional beers and …","3601 Butler St.","Pittsburgh, Pennsylvania 15201","(412) 904-2622"
"https://www.visitpittsburgh.com/directory/aruba-island-bowls-cafe/","Aruba Island Bowls Cafe","Introducing Aruba Island Bowls Cafe #1 soul-satisfying coffee, smoothie and Juice bar acai spot in Strip District, Pittsburgh!!! Launched in 2023, …","1601 Penn Ave.","Pittsburgh, Pennsylvania 15222","(412) 440-1601"
"https://www.visitpittsburgh.com/directory/aqueous/","Aqueous","The menu features progressive American interpretations of the finest selection from land and sea. This exclusive restaurant is located at Falling …","1001 Lafayette St., Nemacolin","Farmington, Pennsylvania 15437","(866) 406-6957"
"https://www.visitpittsburgh.com/directory/balvanera/","BALVANERA","Representing the lifestyle of Buenos Aires-portena fare, incredible South American wines, craft cocktails, and a vibrant, social energy, BALVANERA …","1660 Smallman St.","Pittsburgh, Pennsylvania 15222","(412) 586-5617"
"https://www.visitpittsburgh.com/directory/alihans-coffee-breakfast/","Alihan's Coffee & Breakfast","Waffles, crepes, omelets and Turkish specialties, salads, sandwiches, homemade desserts, pastries and great coffees and teas are served at …","129 6th St.","Pittsburgh, Pennsylvania 15222","(412) 742-4053"
"https://www.visitpittsburgh.com/directory/bills-bar-burger/","Bill's Bar &  Burger","Bill's is in the 'Burgh! We've brought our classic Bill’s burgers, beers, and milkshakes, while adding a bit of Pittsburgh to our menu! …","1001 Liberty Ave., Westin Pittsburgh","Pittsburgh, Pennsylvania 15222","(412) 567-2300"
"https://www.visitpittsburgh.com/directory/burgatory-north-shore/","Burgatory North Shore","Burgatory is a friendly little joint that makes some of the best burgers and shakes you've ever had. We don't serve frozen processed stuff …","342 North Shore Dr.","Pittsburgh, Pennsylvania 15212","(412) 586-5846"
"https://www.visitpittsburgh.com/directory/bistro-to-go-caf%C3%A9-catering-dining-nightlife/","Bistro To Go Café & Catering","Bistro To Go Café & Catering is a full-service catering & event planning company located on Pittsburgh's historic northside. We specialize in …","415 E. Ohio St.","Pittsburgh, Pennsylvania 15212","(412) 231-0218"
"https://www.visitpittsburgh.com/directory/braddocks-rebellion/","Braddock's Rebellion","Classic comfort food with a spirit of Pittsburgh local spin.","107 Sixth St., Renaissance Pittsburgh Hotel","Pittsburgh, Pennsylvania 15222","(412) 992-2005"
"https://www.visitpittsburgh.com/directory/bakersfield-tacostequilawhiskey/","Bakersfield - Tacos.Tequila.Whiskey.","In Pittsburgh, Bakersfield serves authentic Mexican street fare and a selection of over 100 tequilas and American whiskeys. Inspired by the country …","940 Penn Ave.","Pittsburgh, Pennsylvania 15222","(412) 586-5024"
"https://www.visitpittsburgh.com/directory/avva-modern-mediterranean-cuisine/","AVVA Modern Mediterranean Cuisine","AVVA Modern Mediterranean Cuisine brings the bold, vibrant flavors of the Mediterranean coast to your table with a fresh twist. Enjoy shareable …","235 Commercial Ave.","Aspinwall, Pennsylvania 15215","(412) 206-7878"
"https://www.visitpittsburgh.com/directory/bigham-tavern/","Bigham Tavern","A welcoming extension of home that people yearn for in their neighborhood bar. We welcome families, neighbors, and friends to come hang, chow down …","321 Bigham St.","Pittsburgh, Pennsylvania 15211","(412) 431-9313"
"https://www.visitpittsburgh.com/directory/all-india-authentic-cuisine/","All India Authentic Cuisine","All India Restaurant serves the best Indian food that is amazing in taste and quality. We are the best choice for anyone looking for a go-to spot …","315 N. Craig St.","Pittsburgh, Pennsylvania 15213","(412) 681-6600"
"https://www.visitpittsburgh.com/directory/eatn-park-penn-hils/","Eat'n Park - Penn Hils","Casual, neighborhood restaurant featuring a full breakfast, lunch and dinner menu plus a Soup and Salad bar and a Breakfast and Fruit buffet. Kids …","11746 Frankstown Rd.",", Pennsylvania 15235","(412) 242-3700"
"https://www.visitpittsburgh.com/directory/eatn-park-moon-twp/","Eat'n Park - Moon Twp","Casual, neighborhood restaurant featuring a full breakfast, lunch and dinner menu plus a Soup and Salad bar and a Breakfast and Fruit buffet. Kids …","9516 University Blvd.","Moon Township, PA 15108, Pennsylvania 15108","(412) 264-7201"
"https://www.visitpittsburgh.com/directory/eatn-park-etna/","Eat'n Park - Etna","Casual, neighborhood restaurant featuring a full breakfast, lunch and dinner menu plus a Soup and Salad bar and a Breakfast and Fruit buffet. Kids …","830 Butler Street","Pittsburgh, Pennsylvania 15223","(412) 487-4870"
"https://www.visitpittsburgh.com/directory/eatn-park-banksville/","Eat'n Park - Banksville","Casual, neighborhood restaurant featuring a full breakfast, lunch and dinner menu plus a Soup and Salad bar and a Breakfast and Fruit buffet. Kids …","1300 Banksville Rd.","Pittsburgh, Pennsylvania 15216","(412) 561-7894"
"https://www.visitpittsburgh.com/directory/eatn-park-north-versailles/","Eat'n Park - North Versailles","Casual, neighborhood restaurant featuring a full breakfast, lunch and dinner menu plus a Soup and Salad bar and a Breakfast and Fruit buffet. Kids …","516 Lincoln Hwy","North Versailles, Pennsylvania 15137","(412) 816-2006"
"https://www.visitpittsburgh.com/directory/ditkas-of-pittsburgh/","Ditka's of Pittsburgh","Ditka’s Pittsburgh, founded by legendary coach Mike Ditka, offers a refined steakhouse experience that blends award-winning cuisine with genuine …","1 Robinson Plaza Bldg., 1st Floor","Pittsburgh, Pennsylvania 15205","(412) 722-1555"
"https://www.visitpittsburgh.com/directory/eatn-park-edgewood/","Eat'n Park - Edgewood","Casual, neighborhood restaurant featuring a full breakfast, lunch and dinner menu plus a Soup and Salad bar and a Breakfast and Fruit buffet. Kids …","1605 S. Braddock Ave","Pittsburgh, Pennsylvania 15218","(412) 243-5530"
"https://www.visitpittsburgh.com/directory/eatn-park-mckeesport/","Eat'n Park - McKeesport","Casual, neighborhood restaurant featuring a full breakfast, lunch and dinner menu plus a Soup and Salad bar and a Breakfast and Fruit buffet. Kids …","805 Lysle Blvd","McKeesport, Pennsylvania 15132","(412) 644-9148"
"https://www.visitpittsburgh.com/directory/eatn-park-library-rd/","Eat'n Park - Library Rd.","Casual, neighborhood restaurant featuring a full breakfast, lunch and dinner menu plus a Soup and Salad bar and a Breakfast and Fruit buffet. Kids …","5220 Library Rd.","Bethel Park, Pennsylvania 15102","(412) 835-4011"
"https://www.visitpittsburgh.com/directory/eatn-park-dormont/","Eat'n Park - Dormont","Casual, neighborhood restaurant featuring a full breakfast, lunch and dinner menu plus a Soup and Salad bar and a Breakfast and Fruit buffet. Kids …","2874 West Liberty Ave","Pittsburgh, Pennsylvania 16216","(412) 561-4944"
"https://www.visitpittsburgh.com/directory/eatn-park-mcknight/","Eat'n Park - McKnight","Casual, neighborhood restaurant featuring a full breakfast, lunch and dinner menu plus a Soup and Salad bar and a Breakfast and Fruit buffet. Kids …","7370 McKnight Rd.","Pittsburgh, Pennsylvania 15237","(412) 366-6220"
"https://www.visitpittsburgh.com/directory/eatn-park-south-hills/","Eat'n Park - South Hills","Casual, neighborhood restaurant featuring a full breakfast, lunch and dinner menu plus a Soup and Salad bar and a Breakfast and Fruit buffet. Kids …","301 South Hills Village",", Pennsylvania 15241","(412) 854-4855"
"https://www.visitpittsburgh.com/directory/eatn-park-robinson/","Eat'n Park - Robinson","Casual, neighborhood restaurant featuring a full breakfast, lunch and dinner menu plus a Soup and Salad bar and a Breakfast and Fruit buffet. Kids …","100 Park Manor Dr.","Pittsburgh, Pennsylvania 15205","(412) 787-8556"
"https://www.visitpittsburgh.com/directory/eatn-park-monroeville/","Eat'n Park - Monroeville","Casual, neighborhood restaurant featuring a full breakfast, lunch and dinner menu plus a Soup and Salad bar and a Breakfast and Fruit buffet. Kids …","2987 Monroeville Blvd.","Monroeville, Pennsylvania 15146","(412) 373-8760"
"https://www.visitpittsburgh.com/directory/eatn-park-mckees-rocks/","Eat'n Park - McKees Rocks","Casual, neighborhood restaurant featuring a full breakfast, lunch and dinner menu plus a Soup and Salad bar and a Breakfast and Fruit buffet. Kids …","300 Chartiers Ave",", Pennsylvania 15136","(412) 331-2881"
"https://www.visitpittsburgh.com/directory/dee-jays-bbq-ribs-grille/","Dee Jay's BBQ Ribs & Grille","Dee Jay's BBQ Ribs & Grille originated in Weirton, W.V., and became a local staple restaurant known for its legendary BBQ ribs and extraordinary …","2602 Brandt School Rd.","Wexford, Pennsylvania 15090","724-488-RIBS"
"https://www.visitpittsburgh.com/directory/dibellas-subs/","DiBella's Subs","DiBella's makes subs like nobody's business, with our own crusty-soft, just-baked bread and tons of meats, cheese and toppings! Our dough is …","16 Market St.","Pittsburgh, Pennsylvania 15222","(412) 338-8634"
"https://www.visitpittsburgh.com/directory/eatn-park-sewickley/","Eat'n Park - Sewickley","Casual, neighborhood restaurant featuring a full breakfast, lunch and dinner menu plus a Soup and Salad bar and a Breakfast and Fruit buffet. Kids …","201 Ohio River Blvd.","Sewickley, Pennsylvania 15143","(412) 741-4650"
"https://www.visitpittsburgh.com/directory/doce-taqueria/","Doce Taqueria","Pittsburgh's favorite taco shop! Located in the heart of the South Side. Serving up authentic tacos until 3 a.m. Fridays and Saturdays.","1302 E. Carson St.","Pittsburgh, Pennsylvania 15203","(412) 238-8518"
"https://www.visitpittsburgh.com/directory/eatn-park-waterworks/","Eat'n Park -  Waterworks","Casual, neighborhood restaurant featuring a full breakfast, lunch and dinner menu plus a Soup and Salad bar and a Breakfast and Fruit buffet. Kids …","449 Freeport Rd.","Pittsburgh, Pennsylvania 15238","(412) 782-5550"
"https://www.visitpittsburgh.com/directory/eatn-park-bridgeville/","Eat'n Park - Bridgeville","Casual, neighborhood restaurant featuring a full breakfast, lunch and dinner menu plus a Soup and Salad bar and a Breakfast and Fruit buffet. Kids …","1197 Washington Pk.","Bridgeville, Pennsylvania 15017","(412) 221-8800"
"https://www.visitpittsburgh.com/directory/eatn-park-avalon/","Eat'n Park - Avalon","Casual, neighborhood restaurant featuring a full breakfast, lunch and dinner menu plus a Soup and Salad bar and a Breakfast and Fruit buffet. Kids …","1002 Ohio River Blvd.","Pittsburgh, Pennsylvania 15202","(412) 766-6764"
"https://www.visitpittsburgh.com/directory/the-eagle-food-beer-hall/","The Eagle Food & Beer Hall","The Eagle is a restaurant and bar that celebrates straightforward American fare in Pittsburgh. With the Blues playing in the background, we serve …","737 Penn Ave.","Pittsburgh, Pennsylvania 15222","(412) 688-6350"
"https://www.visitpittsburgh.com/directory/del-friscos-double-eagle-steakhouse/","Del Frisco's Double Eagle Steakhouse","Del Frisco's Double Eagle Steakhouse if located downtown in Pittsburgh's iconic Union Trust Building. In the City of Champions, located just …","455 Fifth Ave., Union Trust Bldg.","Pittsburgh, Pennsylvania 15219","(412) 240-6140"
"https://www.visitpittsburgh.com/directory/eatn-park-hospitality-group/","Eat'n Park Hospitality Group","Portfolio of regional food service concepts focused on personalized dining that serves more than 50 million guests yearly in our restaurants and on …","285 E. Waterfront Dr.","Pittsburgh, Pennsylvania 15120","(412) 461-2000"
"https://www.visitpittsburgh.com/directory/fl2/","fl.2","meet me on fl.2The newest restaurant concept from Fairmont Pittsburgh has arrived. fl.2 is the balance of vibrant and inviting elements designed to …","510 Market St., Fairmont Pittsburgh","Pittsburgh, Pennsylvania 15222","(412) 773-8848"
"https://www.visitpittsburgh.com/directory/gather-restaurant-bar/","Gather Restaurant & Bar","Gather Restaurant and Bar located inside the completely transformed Crowne Plaza Hotel and Suites Pittsburgh South serves craft beers, …","164 Fort Couch Rd., Crowne Plaza Pittsburgh South","Pittsburgh, Pennsylvania 15241","(412) 833-5300"
"https://www.visitpittsburgh.com/directory/elevation/","Elevation","Elevation is the Embassy Suites' featured restaurant located on the 25th floor of the historic Oliver Building. The menu offers guests American …","Embassy Suites by Hilton Pittsburgh-Downtown, 535 Smithfield St.","Pittsburgh, Pennsylvania 15222","(412) 338-2200"
"https://www.visitpittsburgh.com/directory/the-factory-south-shore/","The Factory South Shore","Gather with friends or colleagues at The Factory South Shore to enjoy a sophisticated yet relaxed environment while dining with a view.","Sheraton Pittsburgh Hotel at Station Square, 300 West Station Square Dr.","Pittsburgh, Pennsylvania 15219","(412) 803-3838"
"https://www.visitpittsburgh.com/directory/eleven-contemporary-kitchen/","ELEVEN Contemporary Kitchen","ELEVEN, where Downtown meets the Strip, is the most innovative restaurant from the big Burrito Restaurant Group. Contemporary American flavors are …","1150 Smallman St.","Pittsburgh, Pennsylvania 15222","(412) 201-5656"
"https://www.visitpittsburgh.com/directory/eatn-park-waterfont/","Eat'n Park - Waterfont","Casual, neighborhood restaurant featuring a full breakfast, lunch and dinner menu plus a Soup and Salad bar and a Breakfast and Fruit buffet. Kids …","245 E. Waterfront Dr.","Homestead, Pennsylvania 15120","(412) 464-7275"
"https://www.visitpittsburgh.com/directory/ember-vine-woodfire-oven-and-social-bar/","Ember & Vine Woodfire Oven and Social Bar","The menus take a simple approach with strong components; salt, pepper and fire, coupled with carefully selected local ingredients, are the focal …","DoubleTree by Hilton Pittsburgh Cranberry, 910 Sheraton Dr.","Cranberry Township, Pennsylvania 16046","(724) 778-4177"
"https://www.visitpittsburgh.com/directory/elia-estiatorio/","ELIA estiatorio","Discover an elevated culinary experience with vibrant Mediterranean flavors and warm hospitality. Elia is expected to open in Fifth Avenue Place …","120 Fifth Ave., Fifth Avenue Place","Pittsburgh, Pennsylvania 15222",""
"https://www.visitpittsburgh.com/directory/ephesus-mediterranean-restaurant/","Ephesus Mediterranean Restaurant","We opened this restaurant as a way to bring the delicious flavors of our home in the Mediterranean region and combined them with the comforting …","219 Fourth Ave.","Pittsburgh, Pennsylvania 15222","(412) 552-9020"
"https://www.visitpittsburgh.com/directory/fogo-de-chao-brazilian-steakhouse/","Fogo de Chao Brazilian Steakhouse","Authentic Brazilian Steakhouse that began nearly 40 years ago in Brazil featuring fire-roasted meals carved tableside by gaucho chefs, a seasonal …","525 Smithfield St.","Pittsburgh, Pennsylvania 15222","(412) 312-5001"
"https://www.visitpittsburgh.com/directory/eatn-park-whitehall/","Eat'n Park Whitehall","Casual, neighborhood restaurant featuring a full breakfast, lunch and dinner menu plus a Soup and Salad bar and a Breakfast and Fruit buffet. Kids …","5100 Clairton Blvd.","Pittsburgh, Pennsylvania 15236","(412) 882-0258"
"https://www.visitpittsburgh.com/directory/eddie-vs-prime-seafood/","Eddie V's Prime Seafood","Eddie V’s is a fine dining restaurant specializing in seasonal prime seafood flown in daily from pristine waters from around the world and artfully …","501 Grant St., Ste. 100","Pittsburgh, Pennsylvania 15219","(412) 391-1714"
"https://www.visitpittsburgh.com/directory/the-foundry-table-tap/","The Foundry Table & Tap","No trip to Pittsburgh is complete without visiting The Foundry Table & Tap, the award-winning gastropub and new American restaurant on Pittsburgh’s …","381 North Shore Dr.","Pittsburgh, Pennsylvania 15212","(412) 930-0744"
"https://www.visitpittsburgh.com/directory/eliza-hot-metal-bistro/","Eliza Hot Metal Bistro","On the site of the former iconic iron works, Eliza Furnace. The South Side is emerging as a place to rediscover the dining scene. Hotel Indigo moves …","331 Technology Dr","Pittsburgh, Pennsylvania 15219","(412) 621-1551"
"https://www.visitpittsburgh.com/directory/giovannis-pizza-and-pasta/","Giovanni's Pizza and Pasta","Giovanni's on the 6th Street PGH is a family-owned pizza store with great food for more than 15 years! We offer late-night delivery and large …","123 6th St.","Pittsburgh, Pennsylvania 15222","(412) 281-7060"
"https://www.visitpittsburgh.com/directory/flipt-rivers-casino-pittsburgh/","FLIPT @ Rivers Casino Pittsburgh","This ""burger-mecca"" has high standards when it comes to premium-quality, fresh ingredients. FLIPT offers various gourmet burgers, french fries, …","777 Casino Dr.","Pittsburgh, Pennsylvania 15212","(412) 231-7777"
"https://www.visitpittsburgh.com/directory/grand-concourse-gandy-dancer-saloon/","Grand Concourse/Gandy Dancer Saloon","Housed in the beautifully preserved Pittsburgh & Lake Erie Railroad Station, the Grand Concourse restaurant at Station Square is a true testament of …","100 W. Station Square Dr.","Pittsburgh, Pennsylvania 15219","(412) 261-1717"
"https://www.visitpittsburgh.com/directory/enrico-biscotti/","Enrico Biscotti","Wander into a small bakery in Pittsburgh’s historic Strip District; you’ll find the aromas are intoxicating. We have all manner of traditional …","2022 Penn Ave.","Pittsburgh, Pennsylvania 15222","(412) 281-2602"
"https://www.visitpittsburgh.com/directory/eddie-merlots-prime-aged-beef-and-seafood/","Eddie Merlot's Prime Aged Beef and Seafood","Eddie Merlot's is a place where hospitality and the comfort of our guests are our highest mission; we pledge to provide the finest personal …","444 Liberty Ave., Ste. 100, 4 Gateway Center","Pittsburgh, Pennsylvania 15222","(412) 235-7676"
"https://www.visitpittsburgh.com/directory/girasole-restaurant/","Girasole Restaurant","Touted as one of the best Italian restaurants in Pittsburgh, Girasole offers traditional and innovative cuisine. This charming family-owned …","733 Copeland St.","Pittsburgh, Pennsylvania 15232","(412) 682-2130"
"https://www.visitpittsburgh.com/directory/fish-nor-fowl/","Fish Nor Fowl","Fish nor Fowl offers a chic, Italian-influenced menu that celebrates beautiful ingredients, simply prepared to create an experience unlike any other …","5523 Penn Ave.","Pittsburgh, Pennsylvania 15206","(412) 460-4644"
"https://www.visitpittsburgh.com/directory/gi-jin/","Gi-Jin","Gi-Jin is an intimate sushi and spirits destination in the heart of Pittsburgh, celebrating the artistry of Japanese cuisine and drink. Our menu …","208 6th St.","Pittsburgh, Pennsylvania 15222","(412) 332-6939"
"https://www.visitpittsburgh.com/directory/jacksons-restaurant-bar/","Jacksons Restaurant + Bar","Neighborhood restaurant offering new American cuisine in a chic and welcoming atmosphere. Jacksons' smart casual dining features fresh, seasonal …","1000 Corporate Dr., Hilton Garden Inn Pittsburgh/Southpointe","Canonsburg, Pennsylvania 15317","(724) 743-5005"
"https://www.visitpittsburgh.com/directory/hofbr%C3%A4uhaus-pittsburgh/","Hofbräuhaus Pittsburgh","Hofbräuhaus Pittsburgh is a place where family and friends can enjoy great beer, great food and fun times every day. It starts with a wide selection …","2705 S. Water St.","Pittsburgh, Pennsylvania 15203","(412) 224-2328"
"https://www.visitpittsburgh.com/directory/greer-cabaret-theater-lounge/","Greer Cabaret Theater Lounge","The Greer Cabaret Theater, a project of the Pittsburgh Cultural Trust, is home to unforgettable artistic performances as well as upscale bistro fare …","655 Penn Ave.","Pittsburgh, Pennsylvania 15222","(412) 325-6769"
"https://www.visitpittsburgh.com/directory/lautrec/","Lautrec","Lautrec is a multiple recipient of Pittsburgh Magazine's Top 25 Restaurants and offers cuisine and service as creative as the art of Toulouse …","1001 Lafayette Dr., Nemacolin","Farmington, Pennsylvania 15437","(866) 406-6957"
"https://www.visitpittsburgh.com/directory/hello-bistro/","Hello Bistro","A fast-casual restaurant where burgers and salads come together. Over 50 different ingredients and a host of house-made dressings can cater to any …","3605 Forbes Ave.","Pittsburgh, Pennsylvania 15213","(412) 687-8787"
"https://www.visitpittsburgh.com/directory/hyde-park-prime-steakhouse/","Hyde Park Prime Steakhouse","""Rated among America's Best"" - ""Zagat Guide Award of Excellence"" - Wine Spectator. Featuring large window views of the Downtown skyline and …","247 North Shore Dr.","Pittsburgh, Pennsylvania 15212","(412) 222-4014"
"https://www.visitpittsburgh.com/directory/hello-bistro-downtown/","Hello Bistro Downtown","A fast-casual restaurant where burgers and salads come together. Over 50 different ingredients and a host of house-made dressings can cater to any …","292 Forbes Ave.","Pittsburgh, Pennsylvania 15222","(412) 434-0100"
"https://www.visitpittsburgh.com/directory/mad-mex-north-hills/","Mad Mex North Hills","Funky Fresh Cal-Mex! Signature burritos, big margaritas, spicy wings and innovative vegetarian variations make for an extraordinary dining …","7905 McKnight Rd.","Pittsburgh, Pennsylvania 15237","(412) 366-5656"
"https://www.visitpittsburgh.com/directory/the-harmony-inn/","The Harmony Inn","Nestled in Harmony's National Historic District, The Harmony Inn offers a unique dining experience steeped in tradition and community. Owned by …","230 Mercer St.","Harmony, Pennsylvania 16037","(724) 452-5124"
"https://www.visitpittsburgh.com/directory/mad-mex-robinson/","Mad Mex Robinson","Funky Fresh Cal-Mex! Signature burritos, big margaritas, spicy wings and innovative vegetarian variations make for an extraordinary dining …","Route 60, Robinson Plaza II, Park Manor Dr.","Pittsburgh, Pennsylvania 15205","(412) 494-5656"
"https://www.visitpittsburgh.com/directory/jason-aldeans-kitchen-bar/","Jason Aldean's Kitchen & Bar","Pittsburgh's ultimate destination for great food, live music, and unforgettable experiences. Inspired by the country music star himself, this …","393 North Shore Dr.","Pittsburgh, Pennsylvania 15212","(412) 730-3078"
"https://www.visitpittsburgh.com/directory/live-fresh-juicery-regent-square/","Live Fresh Juicery Regent Square","Pittsburgh's fresh choice, Live Fresh Juicery, serves cold-pressed juices, smoothies, and bowls made with 100% real ingredients. Locally owned, …","1104 S. Braddock Ave.","Pittsburgh, Pennsylvania 15218","(412) 839-1155"
"https://www.visitpittsburgh.com/directory/la-feria-pamelas-peruvian-cousin/","La Feria - Pamela's Peruvian Cousin","Located above Pamela's Diner on Walnut Street, La Feria is Pamela's Peruvian cousin. Featuring traditional and fusion Latin American dishes. …","5527 Walnut St., (above Pamela's)","Pittsburgh, Pennsylvania 15232","(412) 682-4501"
"https://www.visitpittsburgh.com/directory/lawrence-hall/","Lawrence Hall","Come together. Lawrence Hall, located in Lawrenceville, is a dynamic food hall giving new life to an historic 1890s structure. We feature a variety …","4609 Butler St.","Pittsburgh, Pennsylvania 15201",""
"https://www.visitpittsburgh.com/directory/live-fresh-juicery-north-side/","Live Fresh Juicery North Side","Pittsburgh's fresh choice, Live Fresh Juicery, serves cold-pressed juices, smoothies, and bowls made with 100% real ingredients. Locally owned, …","845 Western Ave.","Pittsburgh, Pennsylvania 15233","(412) 742-4064"
"https://www.visitpittsburgh.com/directory/helens-restaurant-seven-springs/","Helen's Restaurant @ Seven Springs","Helen's Restaurant is the perfect place for a truly fine dining experience. Helen's continues the tradition of offering an upscale dining …","777 Waterwheel Dr., Seven Springs Mountain Resort","Seven Springs, Pennsylvania 15622","(814) 352-7777"
"https://www.visitpittsburgh.com/directory/la-gourmandine-llc/","La Gourmandine, LLC","La Gourmandine, an authentic traditional French bakery located in the heart of Pittsburgh. Owned by a French couple, whose philosophy is to recreate …","308 Forbes Ave.","Pittsburgh, Pennsylvania 15222","(412) 456-2727"
"https://www.visitpittsburgh.com/directory/live-fresh-juicery-downtown/","Live Fresh Juicery Downtown","Pittsburgh's fresh choice, Live Fresh Juicery, serves cold-pressed juices, smoothies, and bowls made with 100% real ingredients. Locally owned, …","120 Fifth Ave.","Pittsburgh, Pennsylvania 15222","(412) 291-8125"
"https://www.visitpittsburgh.com/directory/mad-mex-south-hills/","Mad Mex South Hills","Funky Fresh Cal-Mex! Signature burritos, big margaritas, spicy wings and innovative vegetarian variations make for an extraordinary dining …","2101 Greentree Rd., Scott Town Centre","Pittsburgh, Pennsylvania 15220","(412) 279-0200"
"https://www.visitpittsburgh.com/directory/jimmy-johns/","Jimmy John's","Cuisine: Deli Style/Gourmet SandwichesCapacity: 36","502 Liberty Ave.","Pittsburgh, Pennsylvania 15222","(412) 697-0999"
"https://www.visitpittsburgh.com/directory/kaya/","Kaya","Serving traditional island dishes and American favorites with an island twist. Tropical tapas and entrees are all made with local ingredients. Menu …","2000 Smallman St.","Pittsburgh, Pennsylvania 15219","(412) 261-6565"
"https://www.visitpittsburgh.com/directory/hyeholde-dining-nightlife/","Hyeholde","Established in 1937, Hyeholde is a historic Pittsburgh treasure offering farm-to-table dining in an enchanting Tudor mansion. Surrounded by lush …","1516 Coraopolis Heights Rd.","Moon Township, Pennsylvania 15108","(412) 264-3116"
"https://www.visitpittsburgh.com/directory/hula-bar-grill/","HULA Bar & Grill","HULA Bar & Grill is a tropical hidden gem between Oakmont and Verona, blending vibrant murals with a laid-back island vibe. Famous for juicy …","759 East Railroad Ave.","Verona, Pennsylvania 15147","(412) 828-6919"
"https://www.visitpittsburgh.com/directory/lemont-restaurant/","LeMont Restaurant","LeMont on Grandview Avenue on Mt. Washington is a Pittsburgh landmark with the premier view of Pittsburgh. LeMont is open Tuesday - Saturday at 5:00 …","1114 Grandview Ave.","Pittsburgh, Pennsylvania 15211","(412) 431-3100"
"https://www.visitpittsburgh.com/directory/the-pa-market/","The PA Market","The PA Market is a unique upscale food hall in the heart of the Strip district. Our 14,000 square foot space features beautiful, relaxing atmosphere …","108 19th St.","Pittsburgh, Pennsylvania 15222","(412) 904-1332"
"https://www.visitpittsburgh.com/directory/medis-on-market/","Medi's on Market","Greek restaurant with ""Build Your Own"" concept where customers can customize salad or rice bowls and pitas to their liking. Tons of healthy options …","431 Market St.","Pittsburgh, Pennsylvania 15222","(412) 261-4976"
"https://www.visitpittsburgh.com/directory/ollies-gastropub/","Ollie's Gastropub","Ollie's Gastropub is a truly unique lounge experience located in the Embassy Suites on the 25th floor of the Oliver Building featuring craft …","Embassy Suites by Hilton Pittsburgh-Downtown, 535 Smithfield St.","Pittsburgh, Pennsylvania 15222","412-338-2200 x 2833"
"https://www.visitpittsburgh.com/directory/meat-potatoes/","Meat & Potatoes","As Pittsburgh's first Gastropub- Meat & Potatoes redefines comfort food in an elevated steakhouse setting with bold takes on American classics. …","649 Penn Ave.","Pittsburgh, Pennsylvania 15222","(412) 325-7007"
"https://www.visitpittsburgh.com/directory/millies-homemade-ice-cream/","Millie's Homemade Ice Cream","At Millie's, we believe the best things in life are real: real relationships, real ingredients. We work directly with local farmers and …","246 Forbes Ave.","Pittsburgh, Pennsylvania 15222","(412) 709-6579"
"https://www.visitpittsburgh.com/directory/novo-asian-food-hall/","Novo Asian Food Hall","This first-of-its-kind Asian Food Hall in Western Pennsylvania hosts seven kitchens which feature authentic dishes from across Asia in a modern and …","1931 Smallman St.","Pittsburgh, Pennsylvania 15222",""
"https://www.visitpittsburgh.com/directory/pamelas-p-g-diners/","Pamela's P&G Diners","Unique, independently owned breakfast/lunch restaurants. Voted Best Breakfast in Pittsburgh and named in the top 10 of USA's Hotcakes. …","60 21st St.","Pittsburgh, Pennsylvania 15222","(412) 281-6366"
"https://www.visitpittsburgh.com/directory/martoranos-prime-rivers-casino-pittsburgh/","Martorano's Prime @ Rivers Casino Pittsburgh","Celebrity cook Steve Martorano debuts an Italian-American Steakhouse at Rivers Casino Pittsburgh. “Martorano’s Prime” features elevated pastas, …","777 Casino Dr.","Pittsburgh, Pennsylvania 15212","(412) 231-7777"
"https://www.visitpittsburgh.com/directory/north-shore-tavern/","North Shore Tavern","Pittsburgh’s most memorable meal is at North Shore Tavern, home of the Steak on a Stone. North Shore Tavern’s signature meals include; Filet Mignon, …","120 Federal St.","Pittsburgh, Pennsylvania 15212","(412) 465-9865"
"https://www.visitpittsburgh.com/directory/the-original-oyster-house/","The Original Oyster House","A Pittsburgh tradition since 1870. The oldest bar and restaurant in the city serves up their famous and delicious jumbo fish sandwiches, …","20 Market Square","Pittsburgh, Pennsylvania 15222","(412) 566-7925"
"https://www.visitpittsburgh.com/directory/nicholas-coffee-tea-co/","Nicholas Coffee & Tea Co.","Since 1919, Nicholas Coffee has been introducing discerning coffee lovers to fresh-roasted coffee. We still operate the old-fashioned way, carefully …","23 Market Square","Pittsburgh, Pennsylvania 15222","(412) 261-4225"
"https://www.visitpittsburgh.com/directory/mccormick-schmicks-seafood-restaurant/","McCormick & Schmick's Seafood Restaurant","McCormick Schmick's specializes in the freshest fish, seafood, steaks, poultry and pastas. Entrees are prepared with the finest and freshest …","301 Fifth Ave., Ste. 101, Piatt Place","Pittsburgh, Pennsylvania 15222","(412) 201-6992"
"https://www.visitpittsburgh.com/directory/moes-southwest-grill/","Moe's Southwest Grill","Freshest Southwest fare in Pittsburgh served in a fun, energetic atmosphere. Enjoy huge burritos and healthy options while admiring the charm of …","210 Forbes Ave.","Pittsburgh, Pennsylvania 15222","(412) 224-4422"
"https://www.visitpittsburgh.com/directory/north-country-brew-pub/","North Country Brew Pub","North Country Brewing Company is nested within one of the original structures of Main Street Slippery rock. Built in 1805, our elvish Irish pub …","141 South Main St.","Slippery Rock, Pennsylvania 16057","(724) 794-2337"
"https://www.visitpittsburgh.com/directory/palm-court/","Palm Court","The Palm Court serves small bites, traditional afternoon tea and specialty drinks in an elegantly understated atmosphere. Swing to live music on …","530 William Penn Place, Omni William Penn","Pittsburgh, Pennsylvania 15219","(412) 281-7100"
"https://www.visitpittsburgh.com/directory/nightcap/","Nightcap","At Nightcap, life is a party, and you’re the guest of honor at this late-night spot for captivating cocktails, vintage glamour, and cabaret …","1001 Lafayette Dr., Nemacolin","Farmington, Pennsylvania 15437","(866) 406-6957"
"https://www.visitpittsburgh.com/directory/mortons-the-steakhouse/","Morton's The Steakhouse","Morton's The Steakhouse is conveniently situated in the heart of the city's thriving cultural district. Located downtown on Liberty Avenue,","625 Liberty Ave., Suite 180","Pittsburgh, Pennsylvania 15222","(412) 261-7141"
"https://www.visitpittsburgh.com/directory/otaru/","OTARU","Welcome to our Japanese restaurant, where fine dining meets breathtaking views of Pittsburgh's iconic skyline. Nestled in the heart of the city, …","1200 Grandview Ave.","Pittsburgh, Pennsylvania 15211","(412) 586-5485"
"https://www.visitpittsburgh.com/directory/peace-love-and-little-donuts/","Peace, Love and Little Donuts","Fresh donuts hand made throughout the day. Fresh coffee and coffee drinks. Bring the family and watch your donuts being made and hand decorated. …","50 21st St.","Pittsburgh, Pennsylvania 15222","(412) 904-4649"
"https://www.visitpittsburgh.com/directory/oddfellows-ice-cream-co/","OddFellows Ice Cream Co.","OddFellows Ice Cream Co. is a small-batch ice cream company located inside of Posman Books. Find more than 500 wacky and weird flavors alongside …","1637 Smallman St.","Pittsburgh, Pennsylvania 15222","(412) 904-2732"
"https://www.visitpittsburgh.com/directory/papa-js-twin-plaza/","PaPa J's Twin Plaza","PaPa J's is a showcase of the Troiani Family's renovation of the historic Twin Plaza building at 21st Street and Smallman in the Strip …","2016 Smallman St.","Pittsburgh, Pennsylvania 15222","(412) 429-7272"
"https://www.visitpittsburgh.com/directory/mian-rivers-casino-pittsburgh/","Mian @ Rivers Casino Pittsburgh","Offers quick-service authentic Asian cuisine for guests who want a delectable meal for dining in or carrying out. Enjoy a wide variety of …","777 Casino Dr.","Pittsburgh, Pennsylvania 15212","(412) 231-7777"
"https://www.visitpittsburgh.com/directory/monterey-bay-fish-grotto/","Monterey Bay Fish Grotto","A view with a point of view.Located high on top of Mt. Washington, Monterey Bay is just as famous for its mouthwatering fresh seafood and impeccable …","1411 Grandview Ave.","Pittsburgh, Pennsylvania 15211","(412) 481-4414"
"https://www.visitpittsburgh.com/directory/r-and-gs-smokeshack-dining-nightlife/","R and G's SmokeShack","Family-owned, local barbecue food truck available for large festivals, small events and all of your catering needs.","255 W. Allegheny Rd.","Imperial, Pennsylvania 15126",""
"https://www.visitpittsburgh.com/directory/the-runner-stone-mill-house-restaurant-bar/","The Runner Stone Mill House Restaurant & Bar","Features fresh American fare in a chic atmosphere. Mingle at the bar or dine by the large windows, our farm-to-table cuisine creates the perfect …","Pittsburgh Airport Marriott, 777 Aten Rd.","Coraopolis, Pennsylvania 15108","(412) 788-8800"
"https://www.visitpittsburgh.com/directory/press-house-coffee/","Press House Coffee","Press House Coffee is a craft roastery and modern Sewickley coffee shop. Enjoy specialty drinks with scratch-made syrups and an ever rotating list …","505 Broad St.","Sewickley, Pennsylvania 15143","(412) 848-1436"
"https://www.visitpittsburgh.com/directory/primanti-bros-strip-district/","Primanti Bros. Strip District","Home of the almost famous sandwich. Born in 1933 from a small wooden lunch stand in the Dtrip District to today with over 20 locations in Pittsburgh …","46 18th St.","Pittsburgh, Pennsylvania 15222","(412) 263-2142"
"https://www.visitpittsburgh.com/directory/roots-natural-kitchen/","Roots Natural Kitchen","Roots Natural Kitchen is a fast casual restaurant, serving signature grain bowls and salads with favorites like El Jefe and the Pesto Caesar. At …","1644 Cochran Rd.","Pittsburgh, Pennsylvania 15220","(412) 324-9324"
"https://www.visitpittsburgh.com/directory/rolands-seafood-grill/","Roland's Seafood Grill","Roland's, a Pittsburgh institution, with our famous hot lobster roll, a can't-miss beer selection, cocktails, wood-fired pizzas, seafood …","1904 Penn Ave.","Pittsburgh, Pennsylvania 15222","(412) 261-3401"
"https://www.visitpittsburgh.com/directory/redbeards-on-sixth-sports-bar-grill/","Redbeard's on Sixth Sports Bar & Grill","Redbeard's on Sixth Sports Bar & Grill in downtown Pittsburgh's Cultural District ! Open seven days a week, serving food nightly until 1:00 …","144 Sixth St.","Pittsburgh, Pennsylvania 15222","(412) 261-2324"
"https://www.visitpittsburgh.com/directory/ritual-house-dining-nightlife/","Ritual House","Spirited food & drink in an atmosphere designed for the senses. Ritual House was inspired by world travels and a passion for Pittsburgh. We invite …","524 William Penn Place","Pittsburgh, Pennsylvania 15219","(412) 904-2002"
"https://www.visitpittsburgh.com/directory/rivers-club/","Rivers Club","Designed to meet the high culinary expectations of our Members, the Club’s innovative menu draws on experience and talent. Our Executive Chef places …","One Oxford Centre, 301 Grant St., Ste. 411","Pittsburgh, Pennsylvania 15219","(412) 391-5227"
"https://www.visitpittsburgh.com/directory/penn-brewery-pittsburgh-international-airport/","Penn Brewery - Pittsburgh International Airport","Pittsburgh's oldest and largest craft brewery serves award-winning brews and ""ethnic Pittsburgh"" fare at its Pittsburgh International Airport …","1000 Airport Blvd., Pittsburgh International Airport, Concourse A, Airside Terminal, Between Gates 6 and 8","Pittsburgh, Pennsylvania 15231","(412) 472-5419"
"https://www.visitpittsburgh.com/directory/sally-anns/","Sally Ann's","Sally Ann’s is a vibrant, welcoming café and bar in the heart of downtown Pittsburgh, designed to bring comfort, creativity, and community together …","136 6th St.","Pittsburgh, Pennsylvania 15222","(412) 338-1876"
"https://www.visitpittsburgh.com/directory/the-porch-at-schenley/","The Porch at Schenley","The Porch is a neighborhood bistro in the heart of vibrant, bustling Oakland. Situated within beautiful Schenley Plaza, this new concept is a come …","221 Schenley Dr.","Pittsburgh, Pennsylvania 15213","(412) 687-6724"
"https://www.visitpittsburgh.com/directory/penn-brewery/","Penn Brewery","Come visit Pittsburgh’s oldest brewery! Penn Brewery is housed in the historic 19th-century E&O Brewery building, featuring a German bierhalle, …","800 Vinial St.","Pittsburgh, Pennsylvania 15212","(412) 237-9400"
"https://www.visitpittsburgh.com/directory/quicksilver-restaurant-lounge-banquet-center/","Quicksilver Restaurant, Lounge & Banquet Center","Open throughout the golf season and has an excellent pub dining menu. Sample from our wide selection of draft beer, bottle beers, popular imports, …","PO Box 595, 2000 Quicksilver Rd.","Midway, Pennsylvania 15060","(724) 796-1594"
"https://www.visitpittsburgh.com/directory/primanti-bros/","Primanti Bros.","Home of the almost famous sandwich. Born in 1933 from a small wooden lunch stand in the Strip District to today with over 20 locations in Pittsburgh …","2100 Wharton St., Ste 720","Pittsburgh, Pennsylvania 15203","(412) 325-2455"
"https://www.visitpittsburgh.com/directory/playa-bowls/","Playa Bowls™","Playa Bowls ™ is your slice of Summer, anytime. Using the freshest, highest quality ingredients, Playa Bowls ™ serves healthy, delicious acai, …","1707 Smallman St.","Pittsburgh, Pennsylvania 15222","(412) 904-2411"
"https://www.visitpittsburgh.com/directory/salems-market-and-grill/","Salem's Market and Grill","Using a local and international network of farmers and humane, first-class facilities, Salem’s is proud to offer fresh, Halal foods to all …","2923 Penn Ave.","Pittsburgh, Pennsylvania 15201","(412) 667-9289"
"https://www.visitpittsburgh.com/directory/the-rebel-room/","The Rebel Room","The Rebel Room, located inside The Industrialist Hotel, is a spirited dining destination that celebrates Pittsburgh's rich industrial heritage …","The Industrialist Hotel, Pittsburgh, Autograph Collection, 405 Wood St.","Pittsburgh, Pennsylvania 15222","(412) 395-3016"
"https://www.visitpittsburgh.com/directory/ruths-chris-steak-house/","Ruth's Chris Steak House","We are dedicated to ensuring our restaurants remain a safe and comfortable place for you, your family, friends and coworkers to come together and …","Six PPG Place","Pittsburgh, Pennsylvania 15222","(412) 391-4800"
"https://www.visitpittsburgh.com/directory/primanti-bros-south-side/","Primanti Bros. South Side","Home of the almost famous sandwich. Born in 1933 from a small wooden lunch stand in the Dtrip District to today with over 20 locations in Pittsburgh …","1832 E. Carson St.","Pittsburgh, Pennsylvania 15203","(412) 381-2583"
"https://www.visitpittsburgh.com/directory/primanti-bros-market-square/","Primanti Bros. Market Square","Home of the almost famous sandwich. Born in 1933 from a small wooden lunch stand in the Strip District to today with over 20 locations in Pittsburgh …","2 South Market Square","Pittsburgh, Pennsylvania 15222","(412) 261-1599"
"https://www.visitpittsburgh.com/directory/primohoagies/","PrimoHoagies","PrimoHoagies prides itself on serving the highest-quality gourmet meats and cheeses, sliced fresh and piled high on its award-wining seeded bread. …","1901 Smallman St.","Pittsburgh, Pennsylvania 15222","(412) 904-1382"
"https://www.visitpittsburgh.com/directory/reva-modern-indian-cuisine/","Reva Modern Indian Cuisine","Reva Modern Indian Cuisine is a trendy and upscale Indian restaurant located in Pittsburgh, PA, offering a unique and innovative dining experience. …","220 N. Highland Ave.","Pittsburgh, Pennsylvania 15206","(412) 952-9558"
"https://www.visitpittsburgh.com/directory/revel/","Revel","Refined American restaurant located in Downtown Pittsburgh, steps from Market Square. Revel has a classic breakfast offering as well as a unique …","242 Forbes Ave.","Pittsburgh, Pennsylvania 15222","(412) 281-1134"
"https://www.visitpittsburgh.com/directory/spirits-tales/","Spirits & Tales","A bold new brasserie atop The Oaklander Hotel, overlooking one of Pittsburgh's most iconic neighborhoods, where classic and contemporary …","5130 Bigelow Blvd., The Oaklander Hotel","Pittsburgh, Pennsylvania 15213","(412) 297-4080"
"https://www.visitpittsburgh.com/directory/sienna-mercato/","Sienna Mercato","Emporio: A Meatball Joint- Featuring gourmet meatballs, 32 draft beers, wine and classic cocktails- all made fresh daily in our scratch …","942 Penn Ave.","Pittsburgh, Pennsylvania 15222","(412) 281-2810"
"https://www.visitpittsburgh.com/directory/toms-watch-bar/","Tom's Watch Bar","Watch One Game Here, and You’ll Get it. Founded in 2014, Tom’s Watch Bar defines the ultimate sports watching entertainment experience. Promising …","261 North Shore Dr., Ste. 3","Pittsbugh, Pennsylvania 15212","(412) 254-8338"
"https://www.visitpittsburgh.com/directory/shake-shack/","Shake Shack","Famous for its delicious made-to-order Angus beef burgers, crispy chicken, hand-spun milkshakes, house-made lemonades, and more. High-quality food …","1767 Smallman St.","Pittsburgh, Pennsylvania 15222","(412) 286-0117"
"https://www.visitpittsburgh.com/directory/the-tap-room/","The Tap Room","Enjoy a variety of microbrews, bourbon and local favorites, tavern-style sandwiches, burgers, soups, salads and lighter fare. Catch your favorite …","530 William Penn Place, Omni William Penn Hotel","Pittsburgh, Pennsylvania 15219","(412) 281-7100"
"https://www.visitpittsburgh.com/directory/steel-mill-saloon/","Steel Mill Saloon","Located directly across from the Duquesne Incline on Grandview Avenue, the Steel Mill Saloon provides upscale food at reasonable prices while …","1225 Grandview Ave.","Pittsburgh, Pennsylvania 15211","(412) 586-4926"
"https://www.visitpittsburgh.com/directory/t%C3%A4k%C5%8D/","täkō","täkō is a lively taqueria serving an inventive Japanese/ Mexican fusion approach to street food and a locally unmatched selection of tequila and …","214 6th St.","Pittsburgh, Pennsylvania 15222","(412) 471-8256"
"https://www.visitpittsburgh.com/directory/seasons-asado-urban-grill/","Seasons/Asado Urban Grill","Fill up on delicious offerings at our flagship dining establishment, Asado Urban Grill. Guests enjoy a home-style breakfast buffet each morning to …","500 Mansfield Ave., DoubleTree by Hilton Pittsburgh - Green Tree","Pittsburgh, Pennsylvania 15205","(412) 920-8011"
"https://www.visitpittsburgh.com/directory/tapville-social-pittsburgh-dining-nightlife/","Tapville Social - Pittsburgh","Located in Pittsburgh’s Strip District, Tapville Social is the city’s only self-pour taproom — giving guests the freedom to explore and pour from 32 …","1447 Smallman St.","Pittsburgh, Pennsylvania 15222","(412) 968-7687"
"https://www.visitpittsburgh.com/directory/soba/","SOBA","Plush comfort and gentle mystery. Soba cooks from the heart, embracing the fundamental flavors and styles of our favorite dishes from China, …","5847 Ellsworth Ave.","Pittsburgh, Pennsylvania 15232","(412) 362-5656"
"https://www.visitpittsburgh.com/directory/sultan-d%C3%B6ner-kebab-baklava-dining-nightlife/","Sultan Döner Kebab & Baklava","Sultan Döner Kebab & Baklava specializes in delicious Döner (gyros), Kebab and mouth-watering homemade Turkish Baklava! Also serving, soup, salads, …","133 6th St.","Pittsburgh, Pennsylvania 15222","(412) 235-7299"
"https://www.visitpittsburgh.com/directory/scratch-co/","Scratch & Co.","Located in the heart of Troy Hill, Scratch & Co. is more than just a restaurant; it’s a vital part of the Pittsburgh community. Here, connection, …","1720 Lowrie St.","Pittsburgh, Pennsylvania 15212","(412) 251-0822"
"https://www.visitpittsburgh.com/directory/space-bar-dining-nightlife/","Space Bar","Space Bar, located in Market Square, is a tribute to Pittsburgh's evolving space city culture. Founded by local enthusiasts, including a sci-fi …","22 Market Square","Pittsburgh, Pennsylvania 15222","(412) 862-5881"
"https://www.visitpittsburgh.com/directory/talia-cucina-rosticerria/","Talia Cucina & Rosticerria","Representing rustic Italian cuisine with a few contemporary twists, Talia Cucina & Rosticerria gives Pittsburgh a modern feel on an Italian …","425 Sixth Ave.","Pittsburgh, Pennsylvania 15219","(412) 456-8214"
"https://www.visitpittsburgh.com/directory/sankalp-the-taste-of-india/","Sankalp The Taste of India","Sankalp Pittsburgh is a renowned Indian restaurant in Cranberry Township, PA, offering an extensive menu of authentic and flavorful Indian cuisine. …","1187 Freedom Rd. C-105","Cranberry Township, Pennsylvania 16066","(724) 591-8888"
"https://www.visitpittsburgh.com/directory/the-speckled-egg-south-side/","The Speckled Egg South Side","Neighborhood diner whipping up omelets, sandwiches, cocktails and espresso in a friendly atmosphere. Open Wednesday - Friday, 8 a.m. - 7 p.m., and …","428 S. 27th St.","Pittsburgh, Pennsylvania 15203","(412) 206-7793"
"https://www.visitpittsburgh.com/directory/tequila-cowboy/","Tequila Cowboy","Tequila Cowboy offers an exciting experience with dining and a revved up nightlife. Tequila Cowboy is your one-stop party when you come to …","380 North Shore Dr.","Pittsburgh, Pennsylvania 15212","(412) 930-0895"
"https://www.visitpittsburgh.com/directory/t%C3%A4k%C5%8D-torta/","täkō torta","Located in the heart of Pittsburgh's Bakery Square, täkō torta is the latest taqueria-inspired outpost by Chef/Owner Richard DeShantz. täkō …","122 Bakery Square Blvd.","Pittsburgh, Pennsylvania 15206","(412) 866-8256"
"https://www.visitpittsburgh.com/directory/the-terrace-room/","The Terrace Room","Terrace Room's team takes local ingredients and fuses them into many creative dishes that inspire the palate. Exciting offerings include …","530 William Penn Place, Omni William Penn Hotel","Pittsburgh, Pennsylvania 15219","(412) 553-5235"
"https://www.visitpittsburgh.com/directory/siempre-algo/","Siempre Algo","We believe that hospitality comes from optimism, compassion and trust. We pass our care for each other and our profession on to our guests.","414 E. Ohio St.","Pittsburgh, Pennsylvania 15212","(412) 652-9968"
"https://www.visitpittsburgh.com/directory/shortys-pins-x-pints-dining-nightlife/","Shorty's Pins x Pints","Shorty’s Pins x Pints is a laid-back spot with an old school vibe. At Shorty's - retro games, like duckpin bowling, shuffleboard, bocce, …","353 North Shore Dr.","Pittsburgh, Pennsylvania 15212","(412) 904-4450"
"https://www.visitpittsburgh.com/directory/starbucks/","Starbucks","Starbucks is the premier roaster and retailer of specialty coffee in the world. And with every cup, they strive to bring both their Seattle heritage …","1701 Smallman St.","Pittsburgh, Pennsylvania 15222",""
"https://www.visitpittsburgh.com/directory/the-speckled-egg/","The Speckled Egg","Neighborhood diner whipping up omelets, sandwiches, cocktails and espresso in a friendly atmosphere. Open Tuesday - Sunday, 8 a.m. - 3 p.m. …","501 Grant St., The Union Trust Building","Pittsburgh, Pennsylvania 15219","(412) 251-5248"
"https://www.visitpittsburgh.com/directory/slopeside-restaurant-seven-springs/","Slopeside Restaurant @ Seven Springs","Slopeside features amazing views of the slopes, gracious service, comfortable family dining and great all-American selections at reasonable prices.","777 Waterwheel Dr., Seven Springs Mountain Resort","Seven Springs, Pennsylvania 15622","(814) 352-7777"
"https://www.visitpittsburgh.com/directory/twelve-whiskey-barbecue/","Twelve Whiskey Barbecue","Pittsburgh's premiere barbecue restaurant located in the heart of the South Side. Extensive whiskey list, over 100 craft beers and late night …","1222 E. Carson St.","Pittsburgh, Pennsylvania 15203","(412) 742-4024"
"https://www.visitpittsburgh.com/directory/wheelhouse-sports-bar-and-grill-rivers-casino-pittsburgh/","Wheelhouse Sports Bar and Grill @ Rivers Casino Pittsburgh","A casual, comfortable spot to catch any game while enjoying a delicious meal, featuring indoor and patio seating. Menu items range from burgers, …","777 Casino Dr.","Pittsburgh, Pennsylvania 15212","(412) 231-7777"
"https://www.visitpittsburgh.com/directory/umi-japanese-restaurant/","Umi Japanese Restaurant","Umi exists to please with perfection. Enjoy intimate dining at the sushi bar, while Mr. Shu creates your dishes, or slide into the traditional …","5849 Ellsworth Ave.","Pittsburgh, Pennsylvania 15232","(412) 362-6198"
"https://www.visitpittsburgh.com/directory/vallozzis-pittsburgh/","Vallozzi's Pittsburgh","Family owned and operated for over 50 years, following in the footstepsof Vallozzi's Classic Restaurant in Greensburg, PA. We use fresh, quality …","220 Fifth Ave.","Pittsburgh, Pennsylvania 15222","(412) 394-3400"
"https://www.visitpittsburgh.com/directory/umi-japanese-restaurant/","Umi Japanese Restaurant","Umi exists to please with perfection. Enjoy intimate dining at the sushi bar, while Mr. Shu creates your dishes, or slide into the traditional …","5849 Ellsworth Ave.","Pittsburgh, Pennsylvania 15232","(412) 362-6198"
"https://www.visitpittsburgh.com/directory/vallozzis-pittsburgh/","Vallozzi's Pittsburgh","Family owned and operated for over 50 years, following in the footstepsof Vallozzi's Classic Restaurant in Greensburg, PA. We use fresh, quality …","220 Fifth Ave.","Pittsburgh, Pennsylvania 15222","(412) 394-3400"
"https://www.visitpittsburgh.com/directory/twelve-whiskey-barbecue/","Twelve Whiskey Barbecue","Pittsburgh's premiere barbecue restaurant located in the heart of the South Side. Extensive whiskey list, over 100 craft beers and late night …","1222 E. Carson St.","Pittsburgh, Pennsylvania 15203","(412) 742-4024"
"https://www.visitpittsburgh.com/directory/wheelhouse-sports-bar-and-grill-rivers-casino-pittsburgh/","Wheelhouse Sports Bar and Grill @ Rivers Casino Pittsburgh","A casual, comfortable spot to catch any game while enjoying a delicious meal, featuring indoor and patio seating. Menu items range from burgers, …","777 Casino Dr.","Pittsburgh, Pennsylvania 15212","(412) 231-7777"
"https://www.visitpittsburgh.com/directory/eatn-park-north-versailles/","Eat'n Park - North Versailles","Casual, neighborhood restaurant featuring a full breakfast, lunch and dinner menu plus a Soup and Salad bar and a Breakfast and Fruit buffet. Kids …","516 Lincoln Hwy","North Versailles, Pennsylvania 15137","(412) 816-2006"
"https://www.visitpittsburgh.com/directory/eatn-park-mckeesport/","Eat'n Park - McKeesport","Casual, neighborhood restaurant featuring a full breakfast, lunch and dinner menu plus a Soup and Salad bar and a Breakfast and Fruit buffet. Kids …","805 Lysle Blvd","McKeesport, Pennsylvania 15132","(412) 644-9148"
"https://www.visitpittsburgh.com/directory/dee-jays-bbq-ribs-grille/","Dee Jay's BBQ Ribs & Grille","Dee Jay's BBQ Ribs & Grille originated in Weirton, W.V., and became a local staple restaurant known for its legendary BBQ ribs and extraordinary …","2602 Brandt School Rd.","Wexford, Pennsylvania 15090","724-488-RIBS"
"https://www.visitpittsburgh.com/directory/eatn-park-etna/","Eat'n Park - Etna","Casual, neighborhood restaurant featuring a full breakfast, lunch and dinner menu plus a Soup and Salad bar and a Breakfast and Fruit buffet. Kids …","830 Butler Street","Pittsburgh, Pennsylvania 15223","(412) 487-4870"
"https://www.visitpittsburgh.com/directory/eatn-park-mckees-rocks/","Eat'n Park - McKees Rocks","Casual, neighborhood restaurant featuring a full breakfast, lunch and dinner menu plus a Soup and Salad bar and a Breakfast and Fruit buffet. Kids …","300 Chartiers Ave",", Pennsylvania 15136","(412) 331-2881"
"https://www.visitpittsburgh.com/directory/eatn-park-edgewood/","Eat'n Park - Edgewood","Casual, neighborhood restaurant featuring a full breakfast, lunch and dinner menu plus a Soup and Salad bar and a Breakfast and Fruit buffet. Kids …","1605 S. Braddock Ave","Pittsburgh, Pennsylvania 15218","(412) 243-5530"
"https://www.visitpittsburgh.com/directory/eatn-park-moon-twp/","Eat'n Park - Moon Twp","Casual, neighborhood restaurant featuring a full breakfast, lunch and dinner menu plus a Soup and Salad bar and a Breakfast and Fruit buffet. Kids …","9516 University Blvd.","Moon Township, PA 15108, Pennsylvania 15108","(412) 264-7201"
"https://www.visitpittsburgh.com/directory/eatn-park-penn-hils/","Eat'n Park - Penn Hils","Casual, neighborhood restaurant featuring a full breakfast, lunch and dinner menu plus a Soup and Salad bar and a Breakfast and Fruit buffet. Kids …","11746 Frankstown Rd.",", Pennsylvania 15235","(412) 242-3700"
"https://www.visitpittsburgh.com/directory/eatn-park-banksville/","Eat'n Park - Banksville","Casual, neighborhood restaurant featuring a full breakfast, lunch and dinner menu plus a Soup and Salad bar and a Breakfast and Fruit buffet. Kids …","1300 Banksville Rd.","Pittsburgh, Pennsylvania 15216","(412) 561-7894"
"https://www.visitpittsburgh.com/directory/ollies-gastropub/","Ollie's Gastropub","Ollie's Gastropub is a truly unique lounge experience located in the Embassy Suites on the 25th floor of the Oliver Building featuring craft …","Embassy Suites by Hilton Pittsburgh-Downtown, 535 Smithfield St.","Pittsburgh, Pennsylvania 15222","412-338-2200 x 2833"
"https://www.visitpittsburgh.com/directory/the-pa-market/","The PA Market","The PA Market is a unique upscale food hall in the heart of the Strip district. Our 14,000 square foot space features beautiful, relaxing atmosphere …","108 19th St.","Pittsburgh, Pennsylvania 15222","(412) 904-1332"
"https://www.visitpittsburgh.com/directory/meat-potatoes/","Meat & Potatoes","As Pittsburgh's first Gastropub- Meat & Potatoes redefines comfort food in an elevated steakhouse setting with bold takes on American classics. …","649 Penn Ave.","Pittsburgh, Pennsylvania 15222","(412) 325-7007"
"https://www.visitpittsburgh.com/directory/medis-on-market/","Medi's on Market","Greek restaurant with ""Build Your Own"" concept where customers can customize salad or rice bowls and pitas to their liking. Tons of healthy options …","431 Market St.","Pittsburgh, Pennsylvania 15222","(412) 261-4976"